210	COLLISTAR	Эффективный крем для лица NATURA EXTRAORDINARY INFUSION-CREAM 50 мл	
426	L'OCCITANE	Эфирный тоник для лица IMMORTELLE 200 мл	
76	L'OCCITANE	Эссенция для лица увлажняющая AQUA RÉOTIER Moisture Prep Essence	
248	LANCOME	Эссенция Hydra Zen, 200мл	
411	DR IRENA ERIS	Энзимный пилинг CLEANOLOGY 75 мл	
27	SKINCODE	Энергетический клеточный крем ESSENTIALS 24h Cell Energizer Cream 50 мл	
329	BIOTHERM	Эмульсия успокаивающая для лица Life Plankton Sensitive Emulsion 50 мл	
410	MATIS	Эмульсия для снятия макияжа REPONSE DELICATE/SensiMilk Toner, 200 мл	
445	MATIS	Эмульсия для снятия макияжа Essential cleansing emulsion 200 мл	
461	MATIS	Эмульсия для снятия макияжа Energising cleansing emulsion 200 мл	
365	EISENBERG	Эмульсия для лица, шеи и области декольте emulsion secret premieres rides 50 мл	
254	MATIS	Эмульсия для лица увлажняющая Hydra-protective emulsion 50 мл	
405	BIOTHERM	Эликсир восстанавливающий BLUE THERAPY RED ALGAE UPLIFT CURE 15	
97	MELVITA	Экстраординарная вода Цветы апельсина ORANGE BLOSSOM 100 мл	
314	MELVITA	Экстраординарная вода Роза ROSE 100 мл	
252	MELVITA	Экстраординарная вода Нарцисс NARCISSE 100 мл	
695	EVA ESTHETIC	Экспресс-лосьон для снятия макияжа с глаз 250 мл	
453	MELVITA	Цветочная Вода Цветки Апельсина ORANGE BLOSSOM 200 мл	
645	MELVITA	Цветочная Вода Полевой Василек FIELD CORNFLOWER 200 мл	
510	MELVITA	Цветочная Вода Дамасская Роза DAMASK ROSE 50 мл	
444	MELVITA	Цветочная Вода Дамасская Роза DAMASK ROSE 200 мл	
318	MATIS	Фундаментальная тонизируюшая сыворотка Fundamental toning serum 30 мл	
88	MATIS	Фундаментальная сыворотка REPONSE JEUNESSE /Fundamental Hydrating Serum, 30 мл	
319	MATIS	Фундаментальная питательная сыворотка Fundamental nourishing serum 30 мл	
40	CAUDALIE	Флюид матирующий увлажняющий VINOSOURCE FLUID MATIFIANT HYDRATANT	
388	LA COLLINE	Флюид для лица и шеи Moisture Boost ++/ Cellular Ideal Hydration Fluid SPF15 50 мл	
192	MATIS	Флюид для лица дневной City protect 30 мл	
291	LANCOME	Флюид антивозрастной мультиактивный Renergie Multi-Lift Ultra, 50 мл	
237	LANCOME	Флюид Hydra Zen, 50мл	
74	CAUDALIE	Флюид «совершенная кожа» SPF 20 VINOPERFECT FLUIDE PEAU PARFAITE	
244	CAUDALIE	Флюид «совершенная кожа» SPF 15 VINOPERFECT FLUIDE PEAU PARFAITE	
269	LANCOME	Уход-корректор для кожи лица Visionnaire , 50мл	
390	LA COLLINE	Уход-гель для лица и шеи тройное увлажнение Cellular Eco-Hydration Treatment 30 мл	
328	BIOTHERM	Уход увлажняющий для лица для всех типов кожи Aquasource Skin Perfection 50 мл	
222	COLLISTAR	Уход для лица – эфирный крем-трансформатор Natura TRANSFORMING ESSENTIAL CREAM 110 мл	
543	EISENBERG	Успокаивающий осветляющий лосьон для лица lotion apaisante 200 мл	
238	LANCOME	Успокаивающий и увлажняющий крем-гель Hydra Zen, 50 мл	
395	EISENBERG	Успокаивающая сыворотка для лица и области вокруг глаз sérum calmant resso 30 мл	
81	ESTÉE LAUDER	Универсальный СС крем Revitalizing Supreme C	
111	MELVITA	Универсальный крем для тела, лица, рук UNIVERSAL CREAM 100 мл	
118	ESTÉE LAUDER	Универсальный крем для сохранения молодости кожи, обогащенный фитоклетками Revitalizing Supreme Plus	
5	ESTÉE LAUDER	Универсальный восстанавливающий комплекс Advanced Night Repair, 30 мл	
548	ESTÉE LAUDER	Универсальное средство для умывания Perfectly Clean	
361	EISENBERG	Ультраувлажняющее двухфазное средство soin bi-phasé ultra-hydratant 100 мл	
200	L'OCCITANE	Ультрапитательный крем-комфорт для лица SHEA 50 мл	
272	PAYOT 	Ультрапитательное сухое масло NUTRICIA HUILE SATINÉE 30 мл	
474	SKINCODE	Ультранежный очищающий крем ESSENTIALS 75 мл	
306	COLLISTAR	Ультра-регенерирующая сыворотка Linea Speciale Anti-Eta/ Ultra-Regenerating Serum	
449	SKINCODE	Укрепляющий тонизирующий лосьон ESSENTIALS Fortifying Toning Lotion 200 мл	
644	SKINCODE	Укрепляющий гель для контура глаз ESSENTIALS Firming Eye Zone Gel 20 мл	
700	LA COLLINE	Укрепляющая сыворотка для кожи вокруг глаз Cellular Eye Lift Essence 15 мл	
398	EISENBERG	Увлажняющий, подтягивающий крем-гель для лица и шеи hydra lifting 50 мл	
397	EISENBERG	Увлажняющий, подтягивающий крем для лица и шеи hydra confort 50 мл	
49	EVA ESTHETIC	Увлажняющий флюид для кожи склонной к жирности 40 мл	
509	EVA ESTHETIC	Увлажняющий тоник для сухой и чувствительной кожи 250 мл	
491	CAUDALIE	Увлажняющий тоник LOTION TONIQUE HYDRATANTE, 400 мл	
420	CAUDALIE	Увлажняющий тоник LOTION TONIQUE HYDRATANTE 200 мл	
25	CAUDALIE	Увлажняющий крем. Для всех типов кожи PREMIERES VENDANGES CREME HYDRATANTE	
80	COLLISTAR	Увлажняющий крем-мусс для лица для всех типов кожи Cleansing Foam-Cream	
643	EVA ESTHETIC	Увлажняющий крем-гель для области вокруг глаз 20 мл	
148	COLLISTAR	Увлажняющий крем для рук и ногтей MOISTURIZING HAND AND NAIL CREAM EXPRESS 100 мл	
372	LA COLLINE	Увлажняющий крем для лица и шеи Moisture Boost ++ Cellular Rich Hydration Cream 50 мл	
457	MATIS	Увлажняющий крем для лица Reponse Jeunesse/MatiSCity 50 мл	
378	EISENBERG	Увлажняющий крем для кожи лица и шеи crème hydratation 50 мл	
241	PAYOT 	Увлажняющий крем HYDRA 24+ CRÈME GLACÉE 50 мл	
206	EISENBERG	Увлажняющий крем - флюид для лица и шеи crème fluide hydratante 50 мл	
723	PAYOT 	Увлажняющий защитный стик для губ HYDRA 24+ LÈVRES	
678	PAYOT 	Увлажняющий гель для области вокруг глаз HYDRA 24+ REGARD GLAÇON 15 мл	
727	L'OCCITANE	Увлажняющий бальзам для губ SHEA 12 мл	
195	PAYOT 	Увлажняющее средство HYDRA 24+ GEL-CRÈME SORBET 50 мл	
569	EISENBERG	Увлажняющее молочко для снятия макияжа soin velouté démaquillant hydratant 50 мл	
478	MELVITA	Увлажняющая цветочная вода-спрей для лица Роза BEAUTY MIST 50 мл	
300	EISENBERG	Увлажняющая сыворотка для лица serum hydratant fondamental 30 мл	
490	PAYOT 	Увлажняющая мицеллярная пена-мусс MOUSSE MICELLAIRE NETTOYANTE 150 мл	
596	CAUDALIE	Увлажняющая маска-крем MASQUE-CREME HYDRATANT	
620	EISENBERG	Увлажняющая интенсивная маска masque hydratation totale 75 мл	
566	ESTÉE LAUDER	Увлажняющая и очищающая пенка Re-Nutriv	
202	CAUDALIE	Тонирующий флюид "совершенная кожа" SPF20 FLUIDE TEINTE PEAU PARFAITE FPS20, 40 мл, DARK	
408	LANCOME	Тоник увлажняющий для сухой кожи Tonique Confort, 200 мл	
561	BIOTHERM	Тоник увлажняющий BIOSOURSE	
568	BIOTHERM	Тоник увлажняющий BIOSOURSE	
487	PAYOT 	Тоник с экстрактом малины, усиливающий сияние кожи LOTION TONIQUE RÉVEIL 200 мл	
531	LANCOME	Тоник очищающий Tonique Eclat, 200 мл	
525	MATIS	Тоник для лица безалкогольный с экстрактом черной икры The lotion 200 мл	
511	MATIS	Тоник для лица безалкогольный Pure lotion 200 мл	
423	MATIS	Тоник для лица безалкогольный Essential lotion 200 мл	
498	LANCOME	Тоник для лица Tonique Douceur, 200 мл	
433	MATIS	Тоник для лица Hyaluronic performance toner 200 мл	
538	DR IRENA ERIS	Тоник для кожи лица и шеи CLEANOLOGY 200 мл	
550	EISENBERG	Тонизирующий лосьон для любого типа кожи лица и вокруг глаз lotion tonique 50 мл	
43	CAUDALIE	Тонизирующий крем VINE [ACTIV] SOIN HYDRATANT 3-EN-1	
11	CLARINS	Тонизирующий крем MY CLARINS RE-BOOST Refreshing Hydrating Cream	
633	CAUDALIE	Тонизирующий и разглаживающий крем для глаз и губ SOIN YEUX DEFATIGANT LISSANT	
722	CAUDALIE	Тонизирующий и разглаживающий крем для глаз и губ SOIN YEUX DEFATIGANT LISSANT	
218	ESTÉE LAUDER	Сыворотка, сужающая поры IDEALIST	
293	CLARINS	Сыворотка, сужающая поры - Skin Perfecting Care/ PORE CONTROL	
147	COLLISTAR	Сыворотка-эластин для лица ATTIVI PURI/Elastin	
69	CAUDALIE	Сыворотка-сияние против пигментных пятен VINOPERFECT SERUM ECLAT ANTI-TACHES	
101	MATIS	Сыворотка-масло для лица Oleascience oil-serum for face youth reactivator 15 мл	
402	LA COLLINE	Сыворотка-лифтинг для лица и шеи Advanced Vital Cellular Vital Serum 30 мл	
684	COLLISTAR	Сыворотка-гель для кожи вокруг глаз ЕYE CONTOUR SERUM-GEL 15 мл	
338	BIOTHERM	Сыворотка увлажняющая для сияния кожи AQUASOURCE	
110	CLARINS	Сыворотка с эффектом лифтинга Age Control EXTRA-FIRMING PHYTO-SERUM	
263	COLLISTAR	Сыворотка с коллагеном против морщин COLLAGEN ANTI-WRINKLE FIRMING 30 мл	
199	COLLISTAR	Сыворотка с гиалуроновой кислотой увлажняющая HUALURONIC ACID 30 мл	
19	CAUDALIE	Сыворотка против морщин VINE [ACTIV] SERUM ANTI-RIDES ACTIVATEUR D’ECLAT	
28	ESTÉE LAUDER	Сыворотка против морщин Perfectionist Wrinkle Lifting/Firming Serum	
30	CLARINS	Сыворотка омолаживающая двойная DOUBLE SERUM 50мл	
403	BIOTHERM	Сыворотка ночная для лица BLUE THERAPY SERUM-IN-OIL	
307	SKINCODE	Сыворотка для устранения несовершенств кожи ESSENTIALS ALPINE WHITE 30 мл	
77	CAUDALIE	Сыворотка для сужения пор VINOPURE serum infusion anti-imperfections, 30 мл	
187	PAYOT 	Сыворотка для сияния кожи ELIXIR IDÉAL 30 мл	
152	DR IRENA ERIS	Сыворотка для области вокруг глаз и губ NeoMETRIC	
404	BIOTHERM	Сыворотка для области вокруг глаз BLUE THERAPY EYE-OPENING SERUM	
132	CAUDALIE	Сыворотка для моделирования овала лица RESVAREATROL [LIFT] SERUM FERMETE 30	
79	MATIS	Сыворотка для лица стимулирующая Reponse vitalite 30 мл	
344	MATIS	Сыворотка для лица оптимально-увлажняющая Optimal moisturising serum 30 мл	
386	LA COLLINE	Сыворотка для лица и шеи для борьбы с морщинами Matrix R³ Cellular Matrix Serum 30 мл	
235	COLLISTAR	Сыворотка для лица и шеи Nero Sublime/Precious Pearls Face And Neck 60 капсул	
401	LA COLLINE	Сыворотка для лица и шеи Global Illuminating Serum 50 мл	
351	DR IRENA ERIS	Сыворотка для лица и шеи ALGORITHM 30 мл	
298	EISENBERG	Сыворотка для лица и кожи вокруг глаз sérum hydratant lissant 30 мл	
67	MATIS	Сыворотка для лица восстанавливающая, регенерирующая Regenerating serum 30 мл	
302	DR IRENA ERIS	Сыворотка для лица INSTITUTE SOLUTIONS LIFTING 30 мл	
232	COLLISTAR	Сыворотка для лица INSTANT LIFTING EFFECT VIALS	
375	YVES SAINT LAURENT	Сыворотка для лица Forever Youth Liberator Serum, 50 мл	
217	BIOTHERM	Сыворотка для лица Aquasource Deep Serum 50 мл	
255	MATIS	Сыворотка для лица Absolute soothing serum 30 мл	
216	COLLISTAR	Сыворотка для лица «черное великолепие» SUBLIME BLACK PRECIOUS SERUM 30 мл	
697	COLLISTAR	Сыворотка для кожи вокруг глаз Nero Sublime/Precious Pearls Eye Contour 40 капсул	
109	CLARINS	Сыворотка для кожи вокруг глаз Age Control EXTRA-FIRMING YEUX	
224	SKINCODE	Сыворотка для интенсивной подтяжки ESSENTIALS Intensive Lifting Serum 30 мл	
58	MATIS	Сыворотка выравнивающая тон лица Radiance serum 30 мл	
181	BIOTHERM	Сыворотка восстанавливающая для лица BLUE THERAPY ACCELERATED 30 мл	
246	BIOTHERM	Сыворотка антиоксидантная для всех типов кожи SKIN OXYGEN 30 мл	
168	PAYOT 	Сыворотка антивозрастная SUPREME JEUNESSE CONCENTRE Total Youth Boosting Serum	
85	CAUDALIE	Сыворотка S.O.S. увлажняющая VINOSOURCE SERUM S.O.S. DESALTERANT	
240	MATIS	Сухое масло для лица, тела и волос REPONSE CORPS/Shimmering Dry Oil	
612	PAYOT 	Суперувлажняющая маска HYDRA 24+ BAUME-EN-MASQUE 50 мл	
614	PAYOT 	Суперабсорбирующее матирующее средство MASQUE CHARBON 50 мл	
699	DR IRENA ERIS	Средство-демакиянт для кожи глаз, губ, под глазами CLEANOLOGY 100 мл	
38	BIOTHERM	Средство увлажняющее для совершенного тона кожи 30 мл Светло-бежевый	
236	YVES SAINT LAURENT	Средство увлажнающее с эффектом сияния для лица Instant Moisture Glow 40мл	
260	PAYOT 	Средство с эффектом загара MY PAYOT BB CREAM BLUR MEDIUM 50 мл	
7	MATIS	Средство против пигментных пятен Reponse Teint/Clarifying Care	
533	LANCOME	Средство отшелушивающее для сухой кожи Exfoliance Confort, 100мл	
247	LANCOME	Средство отшелушивающее Exfoliance Clarte,100 мл	
636	COLLISTAR	Средство для ухода за кожей вокруг глаз EYE CONTOUR HYALURONIC ACID + PEPTIDES 15 мл	
716	ESTÉE LAUDER	Средство для снятия стойкого макияжа глаз и губ Take it Away	
713	LA COLLINE	Средство для снятия макияжа с глаз Cellular Gentle Eye Make-up Remover 125 мл	
719	BIOTHERM	Средство для снятия макияжа с глаз BIOCILS SOIN DES CILS	
718	BIOTHERM	Средство для снятия водостойкого макияжа с глаз BIOCILS WATERPROOF	
542	PAYOT 	Средство для снятия водостойкого макияжа DÉMAQUILLANT INSTANTANÉ YEUX 125 мл	
251	PAYOT 	Средство для разглаживания первых морщин TECHNI LISS FIRST 50 мл	
502	PAYOT 	Средство для очищения пор EXPERT POINTS NOIRS 30 мл	
219	PAYOT 	Средство для ночного ухода с экстрактами суперфруктов MY PAYOT NUIT 50 мл	
214	PAYOT 	Средство для моделирования с комплексом Acti-Lift PERFORM SCULPT ROLL-ON 40 мл	
285	PAYOT 	Средство для заполнения морщин TECHNI LISS FILLER 10 мл	
174	PAYOT 	Средство для дневного ухода за кожей с экстрактами суперфруктов MY PAYOT JOUR 50 мл	
720	LANCOME	Средство для быстрого снятия макияжа с глаз BI-FACIL для чувствительных глаз, 125мл	
389	LA COLLINE	Спрей для лица и шеи Moisture Boost ++/ Swiss Alps Cellular Mist 150 мл	
175	PAYOT 	Совершенствующее тонирующее средство MY PAYOT BB CREAM BLUR LIGHT 50 мл	
421	L'OCCITANE	Совершенный тоник для лица PIVOINE SUBLIME 200 мл	
14	L'OCCITANE	Совершенный крем для лица PIVOINE SUBLIME 50 мл	
422	L'OCCITANE	Совершенный гель для снятия макияжа PIVOINE SUBLIME 200 мл	
65	L'OCCITANE	Совершенная сыворотка для лица PIVOINE SUBLIME 30 мл	
547	ESTÉE LAUDER	Смягчающий тоник Re-Nutriv	
340	MELVITA	Смягчающий крем для увлажнения чувствительной кожи APICOSMA 40 мл	
412	CLARINS	Смягчающий и отшелушивающий лосьон GENTLE EXFOLIATOR 125 мл	
527	PAYOT 	Скраб-желе с экстрактом папайи GELÉE GOMMANTE DOUCEUR 50 мл	
512	MATIS	Скраб для лица Clean & scrub 7/7 100 мл	
71	COLLISTAR	Себонормализующая энергетическая маска для лица SEBUM BALANCING ENERGIZING MASK 30 мл	
396	EISENBERG	Релаксирующая крем-маска для лица Masque creme relaxant 75 мл	
20	L'OCCITANE	Регенерирующая сыворотка для лица IMMORTELLE PRECIOUS 30 мл	
39	CAUDALIE	Растительное ночное масло VINOSOURCE HUILE DE NUIT NOURISSANTE	
105	MATIS	Разглаживающий крем Reponse Corrective/Lift Performance Care, 50 мл	
572	LA COLLINE	Разглаживающий био-тоник Cellular Bio-Smoothing Tonic 150 мл	
381	EISENBERG	Разглаживающая сыворотка для лица и шеи разглаживающая sérum diamant 30 мл	
611	PAYOT 	Разглаживающая маска с эффектом пилинга TECHNI PEEL MASQUE 50 мл	
185	PAYOT 	Подтягивающий крем с комплексом Acti-Lift PERFORM LIFT INTENSE 50 мл	
706	EISENBERG	Подтягивающий гель для кожи вокруг глаз gel contour des yeux 30 мл	
696	PAYOT 	Подтягивающее средство с комплексом Acti-Lift PERFORM LIFT REGARD 15 мл	
721	PAYOT 	Подтягивающее средство для кожи вокруг глаз PERFORM LIFT PATCH YEUX 1,5мл х10 шт	
273	PAYOT 	Подсушивающий и очищающий гель с маслом мелалейки SPÉCIALE 5 15 мл	
280	MATIS	Питательный крем для лица Bee Cream/Nourishing Face Cream, 50 мл	
82	CLARINS	Питательный крем MY CLARINS RE-BOOST Comforting Hydrating Cream	
311	PAYOT 	Питательный восстанавливающий крем для лица NUTRICIA CREME CONFORT	
526	LANCOME	Пилинг ночной двухфазный для кожи лица VISIONNAIRE CRESCENDO. 30мл	
430	COLLISTAR	Пилинг для лица с гликолевой кислотой GLYCOLIC ACID 30 мл	
523	BIOTHERM	Пенка очищающая для кожи лица Biosource для всех типов кожи 150 мл	
539	LANCOME	Пенка очищающая Creme-Mousse Confort,125 мл	
476	EVA ESTHETIC	Пенка для умывания для сухой и чувствительной кожи, 150 мл	
450	EVA ESTHETIC	Пенка для умывания для нормальной и комбинированной кожи, 150 мл	
437	MATIS	Пенка для лица очищающая Essential cleansing foam 150 мл	
506	COLLISTAR	Пенка для лица очищающая BRIGHTENING CLEANSING FOAM CLEAN+TONED 200 мл	
172	PAYOT 	Паста для борьбы с локальными дефектами кожи лица PÂTE GRISE 15 мл	
452	CAUDALIE	Очищающий тоник для чистой кожи VINOPURE lotion purifiante peau nette, 200 мл	
424	EVA ESTHETIC	Очищающий тоник для любого типа кожи 250 мл	
553	EISENBERG	Очищающий мусс для снятия макияжа и умывания mousse purifiante 200 мл	
508	EISENBERG	Очищающий лосьон lotion purifiante 50 мл	
442	MELVITA	Очищающий крем-эксфолиант BOUQUET FLORAL 50 мл	
501	PAYOT 	Очищающий крем-скраб с экстрактом клюквы GOMMAGE INTENSE FRAÎCHEUR 50 мл	
489	PAYOT 	Очищающий гель с экстрактом корицы GEL DÉMAQUILLANT D’TOX 200 мл	
551	EISENBERG	Очищающий гель для снятия макияжа с лица и глаз gel nettoyant démaquillant 50 мл	
419	CLARINS	Очищающий гель MY CLARINS RE-MOVE Purifying Cleansing Gel	
471	ESTÉE LAUDER	Очищающий бальзам Advanced Night Micro	
472	CLINIQUE	Очищающее средство против усталости кожи Clinique For Men	
428	SKINCODE	Очищающее средство для умывания ESSENTIALS 125 мл	
460	MELVITA	Очищающее молочко BOUQUET FLORAL 200 мл	
464	CLARINS	Очищающее мицеллярное молочко MY CLARINS RE-MOVE Micellar Cleansing Milk	
520	CAUDALIE	Очищающее масло для снятия макияжа HUILE DE SOIN DEMAQUILLANTE	
454	MATIS	Очищающее масло для лица, шеи и глаз REPONSE JEUNESSE/Comfort Cleansing Oil, 200 мл	
112	MELVITA	Очищающее желе BOUQUET FLORAL 200 мл	
571	LA COLLINE	Очищающее био-молочко для снятия макияжа Cellular Bio-Cleansing Milk 150 мл	
549	EISENBERG	Очищающая эмульсия для комбинированного и жирного типа кожи лица emulsion 50 мл	
443	L'OCCITANE	Очищающая пенка для лица IMMORTELLE PRECIOUS 150 мл	
459	MELVITA	Очищающая пенка BOUQUET FLORAL 155 мл	
584	EVA ESTHETIC	Очищающая маска-скраб 2 в 1 с каолином для нормальной и комбинированной кожи 75 мл	
626	EISENBERG	Очищающая маска masque purifiant 75 мл	
440	CAUDALIE	Очищающая маска MASQUE PURIFIANT	
463	ESTÉE LAUDER	Отшелушивающий тоник Perfectly Clean	
513	DR IRENA ERIS	Отшелушивающий мелкозернистый скраб CLEANOLOGY 75 мл	
559	LA COLLINE	Отшелушивающий крем для лица Cellular Exfoliator 30 мл	
176	PAYOT 	Основа под макияж с микросферами гиалуроновой кислоты MY PAYOT SUPER BASE 30 мл	
712	EISENBERG	Осветляющий эликсир для лица и контура глаз elixir de lumiere 30 мл	
376	EISENBERG	Осветляющий ночной крем для лица интегральный питающий уход soin nourissa 50 мл	
364	EISENBERG	Осветляющий массажный крем для лица, шеи и области декольте massage crème 75 мл	
342	EISENBERG	Осветляющий корректор против пигментных пятен correcteur lumiere 50 мл	
359	EISENBERG	Осветляющая эмульсия против пигментных пятен для лица и шеи emulsion eclai 50 мл	
598	SKINCODE	Осветляющая ночная маска ESSENTIALS ALPINE WHITE 50 мл	
377	EISENBERG	Освежающий, подтягивающий гель elixir de jeunesse 30 мл	
432	CLARINS	Освежающий лосьон-спрей MY CLARINS RE-FRESH Hydrating Beauty Mist	
651	MATIS	Освежающий лосьон для кожи вокруг глаз REPONSE YEUX/Relaxing Eye Toner, 150мл	
681	EVA ESTHETIC	Освежающий крем от отеков и темных кругов для области вокруг глаз 20 мл	
475	MELVITA	Освежающая мицеллярная вода для лица и глаз NEKTAR DE ROSES 200 мл	
497	PAYOT 	Освежающая вода для удаления макияжа EAU MICELLAIRE EXPRESS 200 мл	
143	CAUDALIE	Омолаживающий питательный крем PREMIER CRU LA CRÈME RICHE 50 мл	
647	CAUDALIE	Омолаживающий крем для глаз PREMIER CRU LA CRÈME YEUX 15 мл	
15	CAUDALIE	Омолаживающий крем PREMIER CRU LA CRÈME 50 мл	
358	EISENBERG	Омолаживающий комплекс для лица и шеи complexe anti-age 50 мл	
379	EISENBERG	Омолаживающее средство для усталой кожи лица и шеи soin anti-age 50 мл	
104	CAUDALIE	Омолаживающая сыворотка PREMIER CRU LE SERUM 30 мл	
652	LA COLLINE	Омолаживающая маска для кожи вокруг глаз Cellular Vital Eye Mask 30 мл	
604	CLARINS	Омолаживающая маска EXTRA-FIRMING MASK 75 мл	
84	CAUDALIE	Ночной моделирующий креми RESVAREATROL [LIFT] CRÈME TISANE DE NUIT	
134	ESTÉE LAUDER	Ночной лифтинговый крем, повышающий упругость кожи лица и шеи Resilience Lift	
136	EVA ESTHETIC	Ночной крем-маска с амарантовым маслом 8 часов сна для зрелой кожи 40 мл	
271	PAYOT 	Ночной крем с комплексом Acti-Lift PERFORM SCULPT NUIT 50 мл	
299	EISENBERG	Ночной крем для лица шеи с алмазной пудрой energie diamant soin nuit 50 мл	
177	DR IRENA ERIS	Ночной крем для лица VITACERIC 50 мл	
243	DR IRENA ERIS	Ночной крем для лица TOKYO LIFT 50 мл	
400	DR IRENA ERIS	Ночной крем для лица NeoMETRIC 50 мл	
17	CLARINS	Ночной крем для комбинированной кожи MULTI-ACTIVE NUIT 50 мл	
226	PAYOT 	Ночной крем глобального антивозрастного действия SUPRÊME JEUNESSE NUIT 50 мл	
350	DR IRENA ERIS	Ночной крем TELOMERIC 75 мл	
189	CAUDALIE	Ночной крем «новая кожа» VINOPERFECT CRÈME NUIT PEAU NEUVE	
337	ESTÉE LAUDER	Ночной детокс-крем NightWear	
387	LA COLLINE	Ночной двухфазный эликсир для лица и шеи Advanced Vital Cellular Night Elixir 30 мл	
294	PAYOT 	Ночной восстанавливающий крем с эффектом пилинга TECHNI PEEL NUIT 50 мл	
45	CAUDALIE	Ночное детокс-масло VINE [ACTIV] HUILE DE NUIT DETOX	
603	PAYOT 	Ночная маска против усталости и для сияния кожи MY PAYOT SLEEPING PACK 50 мл	
586	CLARINS	Ночная маска MY CLARINS RE-CHARGE Relaxing Sleep Mask	
535	EISENBERG	Нормализующий лосьон lotion equilibrante 200 мл	
725	MELVITA	Нектар для губ 3 Мёда HONEYS NECTAR	
436	MELVITA	Нежное очищающее масло для лица и глаз NECTAR DE ROSES 145 мл	
562	EISENBERG	Нежное осветляющее молочко lait demaquillant douceur 200 мл	
170	PAYOT 	Набор косметический PROMO MOTHERS' DAY HYDRA SET 2018	
488	PAYOT 	Набор косметический PROMO DUO DEMAQ. CONFORT 2018	
259	COLLISTAR	Набор косметический COLLAGEN CREAM BALM+ Eye Contour Hyaluronic Acid	
270	COLLISTAR	Набор косметический (флюид+талассо-скраб)	
190	COLLISTAR	Набор косметический (крем+гидро-гель)	
213	COLLISTAR	Набор косметический (гель 50 мл+ средство для ухода за кожей вокруг глаз 7,5мл)	
466	CAUDALIE	Мягкое очищающее молочко LAIT DEMAQUILLANT DOUCEUR, 400 мл	
447	CAUDALIE	Мягкое очищающее молочко LAIT DEMAQUILLANT DOUCEUR 200 мл	
458	SKINCODE	Мягкий очищающий лосьон ESSENTIALS Gentle Cleansing Lotion 200 мл	
448	SKINCODE	Мягкий очищающий лосьон 3-в-1 ESSENTIALS 3-in-1 gentle cleanser, 200 мл	
455	CAUDALIE	Мягкий отшелушивающий крем CREME GOMMANTE DOUCE	
529	EVA ESTHETIC	Мусс для умывания для сухой и чувствительной кожи 150 мл	
496	EVA ESTHETIC	Мусс для умывания для нормальной и комбинированной кожи 150 мл	
567	COLLISTAR	Мусс для тела после загара Speciale Abbronzatura Perfetta	
532	YVES SAINT LAURENT	Мусс для лица очищающий Forever Youth Liberator 150 мл	
575	BIOTHERM	Молочко смягчающее и очищающее BIOSOURSE 200 мл	
312	COLLISTAR	Молочко очищающее антивозрастное ANTI-AGE CLEANSING MILK FACE & EYES 400 мл	
429	CLARINS	Молочко для удаления макияжа ANTI-POLLUTION CLEANSING MILK 400 мл	
446	CLARINS	Молочко для удаления макияжа ANTI-POLLUTION CLEANSING MILK 400 мл	
557	MATIS	Молочко для снятия макияжа с экстрактом черной икры The milk 200 мл	
574	BIOTHERM	Молочко для снятия макияжа для нормальной и комбинированной кожи BIOSOURSE 200 мл	
554	LANCOME	Молочко для снятия макияжа для лица и глаз Galateis Douceur 200 мл	
540	LANCOME	Молочко для снятия макияжа Lait Galatee Confort, 200мл	
534	PAYOT 	Молочко для возвращения комфорта и увлажнения LAIT MICELLAIRE DÉMAQUILLANT 200 мл	
546	COLLISTAR	Молочко 3 в 1 для снятия макияжа IDRO-ATTIVA/ 3 in 1 Micellar Milk, 400мл	
360	EISENBERG	Моделирующий крем для шеи и области декольте soin cou et décolleté 50 мл	
482	LA COLLINE	Моделирующий био-пилинг Cellular Modelling Bio-Peel 50 мл	
617	EISENBERG	Моделирующая, снимающая усталость маска masque tenseur remodelant 75 мл	
182	EISENBERG	Моделирующая сыворотка для лица и шеи sérum affinant visage 50 мл	
622	PAYOT 	Моделирующая маска с комплексом Acti-Lift PERFORM SCULPT MASQUE 50 мл	
4	ESTÉE LAUDER	Многофункциональный защитный крем c антиоксидантами DayWear	
456	MATIS	Мицелярная вода Reponse Jeunesse/Essential Micellar Water, 200 мл	
576	BIOTHERM	Мицеллярная вода для снятия макияжа с лица и глаз BIOSOURCE EAU MICELLAIRE	
544	LANCOME	Мицеллярная вода для снятия макияжа Eau Micellaire Douceur, 200 мл	
514	CAUDALIE	Мицеллярная вода для снятия макияжа EAU MICCELAIRE DEMAQUILLANTE, 400 мл	
427	CAUDALIE	Мицеллярная вода для снятия макияжа EAU MICCELAIRE DEMAQUILLANTE 200 мл	
558	DR IRENA ERIS	Мицеллярная вода для снятия макияжа CLEANOLOGY 200 мл	
522	EVA ESTHETIC	Мицеллярная вода для любого типа кожи 250 мл	
481	EVA ESTHETIC	Мицеллярная вода для любого типа кожи	
517	COLLISTAR	Мицеллярная вода для лица, глаз и губ NATURA/TWO-PHASE MICELLAR WATER 150 мл	
545	LANCOME	Мицеллярная вода двухфазная BI-FACIL VISAGE 200мл	
578	COLLISTAR	Микромагнитная маска для лица ATTIVI PURI/ Micromagnetic Mask Collagen	
579	COLLISTAR	Микромагнитная маска ATTIVI PURI/ Micromagnetic Hyaluronic Acid	
310	COLLISTAR	Микрогель для увлажнения IDRO-ATTIVA/ Concentrated Moisturizing Micro-Gel	
63	CAUDALIE	Матирующий флюид VINOPURE fluide matifiant perfecteur de peau , 40 мл	
191	PAYOT 	Матирующий увлажняющий крем CRÈME MATIFIANTE VELOURS 50 мл	
492	EVA ESTHETIC	Матирующий тоник для комбинированной и жирной кожи 250 мл	
64	CLARINS	Матирующий стик, маскирующий поры MY CLARINS PORE-LESS Blur and Matte Stick	
483	SKINCODE	Матирующий лосьон ESSENTIALS S.O.S Oil Control Mattifying Lotion 50 мл	
70	CLARINS	Матирующий крем MY CLARINS RE-BOOST Matifying Hydrating Cream	
315	EISENBERG	Матирующий крем - флюид secret actif matifiant 50 мл	
208	PAYOT 	Матирующая сыворотка для сужения пор ÉLIXIR REFINER 30 мл	
493	PAYOT 	Масло-молочко с экстрактом масла авокадо HUILE FONDANTE DÉMAQUILLANTE 200 мл	
120	MELVITA	Масло Шиповника ROSE HIP OIL 50 мл	
577	BIOTHERM	Масло пенящееся для снятия макияжа TOTAL RENEW OIL BIOSOURCE	
264	MELVITA	Масло Нигеллы NIGELLA OIL 50 мл	
149	MELVITA	Масло Лилии LILY OIL 50 мл	
42	MELVITA	Масло Календулы CALENDULA OIL 50 мл	
128	MELVITA	Масло из абрикосовых косточек APRICOT KERNELS OIL 50 мл	
119	MELVITA	Масло Жожоба JOJOBA OIL 50 мл	
98	EISENBERG	Масло для лица и тела huile visage & corps spf 6 uvb, uva 100 мл	
207	BIOTHERM	Масло для лица Skin Best Liquid Glow 30 мл	
282	CLARINS	Масло для лица SANTAL	
16	CLARINS	Масло для лица LOTUS	
203	CLARINS	Масло для лица BLUE ORCHID	
21	MELVITA	Масло Аргании ARGAN OIL 50 мл	
150	MELVITA	Масло Аргании ARGAN OIL 125 мл	
675	MELVITA	Масло Авокадо AVOCADO OIL 50 мл	
357	MELVITA	Масло Cладкого миндаля SWEET ALMOND OIL 50 мл	
621	LANCOME	Маска-эксфолиант для лица "Energie de vie", 75мл	
613	LANCOME	Маска-сыворотка ночная Hydra Zen Mask, 75мл	
589	MATIS	Маска-крем для лица и шеи ночная смягчающая Night care mask 50 мл	
610	PAYOT 	Маска-детокс с экстрактом грейпфрута MASQUE D'TOX 50 мл	
595	MATIS	Маска-гель для лица Hyaluronic performance mask 50 мл	
593	CLARINS	Маска увлажняющая с экстрактом каланхоэ Masks SOS HYDRA	
607	CLARINS	Маска питательная с маслом манго Masks SOS Comfort	
688	MATIS	Маска питательная для контура глаз и губ Eyes & lips treatment mask 20 мл	
624	CLARINS	Маска очищающая с экстрактом кипрея Masks SOS Pure	
583	EVA ESTHETIC	Маска очищающая с AHA-кислотами и экстрактом папайи для любого типа кожи 75 мл	
630	LANCOME	Маска ночная "Energie de Vie Nuit", 75мл	
619	LANCOME	Маска интенсивная очищающая для лица "Energie de Vie", 75 мл	
587	MATIS	Маска для улучшения цвета лица Energising mask 50 мл	
627	LA COLLINE	Маска для мгновенного восстановления Advanced Vital Cellular Vital Mask 30 мл	
623	MATIS	Маска для лица успокаивающая Face care mask 50 мл	
618	MATIS	Маска для лица увлажняющая для всех типов кожи Youth hydrating mask 50 мл	
609	MATIS	Маска для лица тонизирующая, придающая сияние коже Re-sculpting mask 50 мл	
629	LA COLLINE	Маска для лица и шеи Moisture Boost ++/ Cellular Dynamic Hydration Mask 50 мл	
616	DR IRENA ERIS	Маска для лица и шеи ALGORITHM 75 мл	
262	COLLISTAR	Маска для лица глубоко увлажняющая DEEP MOISTURIZING MASK 30 мл	
605	MATIS	Маска для лица балансирующая, очищающая Clay mask 50 мл	
296	COLLISTAR	Маска для лица DUAL ACTION MASK EXFOLIATING REGENERATING 30 мл	
602	BIOTHERM	Маска для лица 2 в 1 очищающая и отшелушивающая для нормальной и жирной кожи 75 мл	
486	BIOTHERM	Маска для лица 2 в 1 очищающая и отшелушивающая для нормальной и жирной кожи 75 мл	
339	COLLISTAR	Маска для лица «черное великолепие» SUBLIME BLACK PRECIOUS MASK 50 мл	
653	CLARINS	Маска для кожи вокруг глаз HYDRA-ESSENTIEL Moisturizing reviving eye mask	
590	EVA ESTHETIC	Маска альгинатная с энзимами + Cыворотка для лица	
582	EVA ESTHETIC	Маска альгинатная для любого типа кожи 20 г	
580	EVA ESTHETIC	Маска альгинатная для комбинированной и жирной кожи 20 г	
585	EVA ESTHETIC	Маска альгинатная + Cыворотка для лица Коктейль красоты	
588	EVA ESTHETIC	Маска альгинатная + Cыворотка для лица Восстанавливающая	
606	LANCOME	Маска Pure Empreinte, 100 мл	
608	LANCOME	Маска Hydra Intense, 100мл	
505	CLARINS	Лосьон тонизирующий для очищения кожи ONE STEP FACIAL CLEANSER	
503	BIOTHERM	Лосьон очищающий для лица для всех типов кожи SKIN OXYGEN 200 мл	
709	CLARINS	Лосьон для удаления макияжа с глаз MAKE-UP REMOVER 125 мл	
671	CLARINS	Лосьон для удаления макияжа с глаз Gentle Eye Make-Up Remover	
668	CLARINS	Лосьон для удаления макияжа INSTANT EYE MAKE-UP REMOVER 125 мл	
407	CLARINS	Лосьон для сухой или нормальной кожи TONING LOTION 400 мл	
666	MELVITA	Лосьон для снятия макияжа глаз BOUQUET FLORAL 100 мл	
570	DR IRENA ERIS	Лосьон для снятия макияжа CLEANOLOGY 200 мл	
441	COLLISTAR	Лосьон для лица тонизирующий антивозрастной ANTI-AGE TONING LOTION 400 мл	
537	MATIS	Лосьон для лица тонизирующий Energising lotion 200 мл	
518	MATIS	Лосьон для лица с экстрактом липы Lime blossom lotion 200 мл	
536	MATIS	Лосьон для лица очищающий Face lotion 200 мл	
409	CLARINS	Лосьон для комбинированной или жирной кожи TONING LOTION 400 мл	
708	MATIS	Лосьон для кожи вокруг глаз Gentle eye lotion  150 мл	
528	COLLISTAR	Лосьон балансирующий тонизирующий BALANCING TONING LOTION 200 мл	
507	CLARINS	Лосьон SUPER RESTORATIVE WAKE UP LOTION 125 мл	
415	CLARINS	Лосьон EXTRA-COMFORT TONING LOTION 200 мл	
541	LANCOME	Лосьон "Energie de Vie", 200мл	
184	L'OCCITANE	Легкий крем-комфорт для лица SHEA 50 мл	
552	EISENBERG	Легкая очищающая гель-пенка для лица, шеи и области декольте eau purifiant 50 мл	
250	COLLISTAR	Крем–желе для лица IDRO-ATTIVA/ Fresh Moisturizing Gelee Cream	
159	COLLISTAR	Крем-эластин для лица ATTIVI PURI/Elastin Silk-Cream, 50мл	
495	MATIS	Крем-экфолиант для лица Youth grain exfoliating face cream 50 мл	
413	CAUDALIE	Крем-эксфолиант для очищения пор CREME EXFOLIANTE DESINCRUSTANTE	
385	LA COLLINE	Крем-уход для шеи и декольте Lift & Light Illuminating Neck and Decollete Care 50 мл	
733	LA COLLINE	Крем-уход для губ и контура губ Lip and Contour Remodelling Care 15 мл	
393	YVES SAINT LAURENT	Крем-сыворотка для лица Forever Youth Liberator, 50 мл	
92	CAUDALIE	Крем-спасатель ультрапитательный VINOSOURCE RICHE CRÈME VELOURS ULTRA-NOURRISSANTE	
225	LANCOME	Крем-сорбе для лица "Energie de Vie", 50 мл	
417	CLARINS	Крем-пилинг мягкий разглаживающий GENTLE PEELING 50 мл	
565	LA COLLINE	Крем-пенка для снятия макияжа Cellular Wash-off Cleansing Cream 125 мл	
406	BIOTHERM	Крем-масло для лица для нормальной и сухой кожи BLUE THERAPY CREAM-IN-OIL , 50мл	
113	EVA ESTHETIC	Крем-комфорт ночной питательный для любого типа кожи 40 мл	
129	EVA ESTHETIC	Крем-комфорт дневной питательный для сухой и чувствительной кожи 40 мл	
78	MATIS	Крем-гель для лица "контроль блеска" Shine control purifying care 50 мл	
635	CLARINS	Крем-гель для кожи вокруг глаз MULTI-ACTIVE YEUX 15 мл	
61	COLLISTAR	Крем-бальзам с коллагеном для борьбы с морщинами COLLAGEN CREAM BALM 50 мл	
1	CAUDALIE	Крем тающий питательный VINOSOURCE CRÈME FONDANTE NOURISSANTE	
55	CAUDALIE	Крем сорбет увлажняющий VINOSOURCE CRÈME SORBET HYDRATANTE	
516	PAYOT 	Крем с экстрактом манго CRÈME MICELLAIRE DÉMAQUILLANTE 200 мл	
234	MELVITA	Крем против первых признаков старения PULPE DE ROSE 40 мл	
90	COLLISTAR	Крем против морщин ANTI-WRINKLE REPAIRING TREATMENT 50 мл	
672	LA COLLINE	Крем против кругов под глазами Cellular Absolute Radiance Eye Cream 15 мл	
48	EVA ESTHETIC	Крем питание и защита 3 в 1 для нормальной и комбинированной кожи 40 мл	
37	CLARINS	Крем очищающий для нормальной кожи GENTLE FOAMING CLEANSER 125 мл	
418	CLARINS	Крем очищающий ONE STEP GENTLE EXFOLIATING CLEANSER	
201	CLARINS	Крем отшелушивающий GENTLE REFINER 50 мл	
354	LANCOME	Крем ночной против морщин Renergie Nuit , 50 мл	
258	CLARINS	Крем ночной для сухой кожи EXTRA-FIRMING NIGHT 50 мл	
355	LANCOME	Крем ночной для лица и шеи с эффектом лифтинга Renergie Nuit Multi-Lift, 50 мл	
353	YVES SAINT LAURENT	Крем ночной для лица Forever Youth Liberator, 50 мл	
304	BIOTHERM	Крем ночной для всех типов кожи Blue Therapy 50 мл	
116	CLARINS	Крем ночной EXTRA-FIRMING NIGHT 50 мл	
117	CLARINS	Крем ночной EXTRA-FIRMING NIGHT 50 мл	
162	CLARINS	Крем дневной для сухой кожи EXTRA-FIRMING DAY 50 мл	
87	CLARINS	Крем дневной SPF15 EXTRA-FIRMING DAY 50 мл	
130	DR IRENA ERIS	Крем для шеи и области декольте TELOMERIC ULTRA 75 мл	
348	DR IRENA ERIS	Крем для шеи и области декольте FORTESSIMO 75 мл	
345	MATIS	Крем для шеи и зоны декольте Restructuring & firming cream 50 мл	
689	CLARINS	Крем для устранения тёмных кругов MISSION PERFECTION YEUX 15 мл	
657	SKINCODE	Крем для устранения неровного цвета ESSENTIALS ALPINE WHITE 15 мл	
371	LA COLLINE	Крем для упругости и сияния кожи лица и шеи Advanced Vital Cellular Vital Cream 30 мл	
383	MATIS	Крем для тела интенсивно подтягивающий с экстрактом черной икры The body 50 мл	
227	PAYOT 	Крем для разглаживания глубоких морщин TECHNI LISS ACTIVE 50 мл	
99	MATIS	Крем для радикального улучшения кожи лица Radiance cream 50 мл	
22	MATIS	Крем для радикального улучшения кожи лица Fundamental beautifying cream 50 мл	
676	PAYOT 	Крем для области вокруг глаз с экстрактами суперфруктов MY PAYOT REGARD 15 мл	
701	PAYOT 	Крем для области вокруг глаз SUPRÊME JEUNESSE REGARD 15 мл	
686	DR IRENA ERIS	Крем для области вокруг глаз INSTITUTE SOLUTIONS NEURO FILLER 15 мл	
399	EISENBERG	Крем для лица, шеи и области декольте creme secret premieres rides 50 мл	
23	L'OCCITANE	Крем для лица ультраувлажняющий AQUA RÉOTIER Ultra Thirst-Quenching Cream	
72	MATIS	Крем для лица увлажняющий Delicate moisturizing cream 50 мл	
221	COLLISTAR	Крем для лица увлажняющий DEEP MOISTURIZING CREAM 50 мл	
29	MATIS	Крем для лица стимулирующий Energising cream 50 мл	
26	COLLISTAR	Крем для лица с гликолевой кислотой GLYCOLIC ACID RICH CREAM 50 мл	
56	MATIS	Крем для лица предотвращающий первые признаки старения Normal & dry skin 50 мл	
287	MATIS	Крем для лица питательный Intense nutrition face care 50 мл	
320	MATIS	Крем для лица очищающий Cleansing cream 200 мл	
346	MATIS	Крем для лица ночной регенерирующий с экстрактом черной икры The night 50 мл	
374	COLLISTAR	Крем для лица ночной ULTRA-REGENERATING ANTI-WRINKLE NIGHT CREAM 50 мл	
46	LANCOME	Крем для лица ночной Hydra Zen Nuit, 50мл	
265	COLLISTAR	Крем для лица ночной ENERGY+REGENERATION NIGHT CREAM 50 мл	
334	LANCOME	Крем для лица ночной "Genifique Repair. Активатор молодости" 50 мл	
309	LANCOME	Крем для лица мультиактивынй Visionnaire, 50 мл	
47	LANCOME	Крем для лица мультиактивный c SPF20 Visionnaire, 50мл	
66	MATIS	Крем для лица корректирующий против морщин Wrinkle correcting care 50 мл	
322	MATIS	Крем для лица интенсивно восстанавливающий Intensive resourcing cream 50 мл	
321	MATIS	Крем для лица и шеи интенсивно корректирующий Intensive remodelling care 50 мл	
230	LANCOME	Крем для лица и шеи для сухой кожи Renergie Multi-Lift, 50мл	
336	LANCOME	Крем для лица и шеи для всех типов кожи Renergie Multi-Lift, 50мл	
370	LA COLLINE	Крем для лица и шеи для борьбы с морщинами Matrix R³Cellular Rich Matrix Cream 30 мл	
154	LA COLLINE	Крем для лица и шеи для борьбы с морщинами Matrix R³ Cellular Matrix Cream 30 мл	
146	MATIS	Крем для лица и шеи REPONSE DELICATE/SensiBiotic Cream, 50 мл	
286	COLLISTAR	Крем для лица и шеи FACE AND NECK PERFECTION CREAM 50 мл	
114	DR IRENA ERIS	Крем для лица и кожи вокруг глаз TELOMERIC ULTRA 50 мл	
153	DR IRENA ERIS	Крем для лица и кожи вокруг глаз TELOMERIC ULTRA 50 мл	
60	DR IRENA ERIS	Крем для лица и кожи вокруг глаз ALGORITHM 50 мл	
324	DR IRENA ERIS	Крем для лица и кожи вокруг глаз ALGORITHM 50 мл	
288	MATIS	Крем для лица дневой защитный с экстрактом черной икры The day 50 мл	
276	COLLISTAR	Крем для лица дневной ULTRA-REGENERATING ANTI-WRINKLE DAY CREAM 50 мл	
197	COLLISTAR	Крем для лица дневной ENERGY+ BRIGHTNESS DAY CREAM 50 мл	
31	COLLISTAR	Крем для лица для чувствительной кожи REHYDRATING SOOTHING TREATMENT 50 мл	
392	YVES SAINT LAURENT	Крем для лица для сухой кожи Forever Youth Liberator NutriI Creme, 50 мл	
75	BIOTHERM	Крем для лица для сухой кожи Aquasource 50 мл	
333	LANCOME	Крем для лица для сухой кожи «Активатор молодости» Genifique Nutrics, 50 мл	
253	EISENBERG	Крем для лица для нормальной и сухой кожи crème riche hydratant 50 мл	
330	YVES SAINT LAURENT	Крем для лица для нормальной и комбинированной кожи Forever Youth Liberator Creme, 50 мл	
169	BIOTHERM	Крем для лица для нормальной и комбинированной кожи Aquasource 50 мл	
239	LANCOME	Крем для лица восстанавливающий, обогащённый липидами для сухой и очень сухой кожи NUTRIX ROYAL, 50 мл	
3	MATIS	Крем для лица восстанавливающий регенерирующий Regenerating cream 50 мл	
277	MATIS	Крем для лица восстанавливающий Revitalizing omega-3 face cream 50 мл	
278	MATIS	Крем для лица витаминный Vitaminic cream 15 мл	
275	COLLISTAR	Крем для лица SUPERNOURISHING LIFTING CREAM 50 мл	
12	MATIS	Крем для лица Reponse Corrective /Matis Face Renew 100, 50 мл	
297	COLLISTAR	Крем для лица REPLUMPING REGENERATING FACE CREAM 50 мл	
290	DR IRENA ERIS	Крем для лица INSTITUTE SOLUTIONS RADIANCE 50 мл	
369	DR IRENA ERIS	Крем для лица INSTITUTE SOLUTIONS RADIANCE 50 мл	
347	DR IRENA ERIS	Крем для лица INSTITUTE SOLUTIONS NEURO FILLER 50 мл	
228	DR IRENA ERIS	Крем для лица INSTITUTE SOLUTIONS NEURO FILLER 50 мл	
325	DR IRENA ERIS	Крем для лица INSTITUTE SOLUTIONS LIFTING 50 мл	
352	DR IRENA ERIS	Крем для лица INSTITUTE SOLUTIONS LIFTING 50 мл	
41	L'OCCITANE	Крем для лица IMMORTELLE PRECIOUS 50 мл	
268	LANCOME	Крем для лица Hydra Zen, 50 мл	
83	MATIS	Крем для лица Hyaluronic performance replumping & moisturising cream 50 мл	
367	DR IRENA ERIS	Крем для лица FORTESSIMO MAXIMA 50 мл	
368	DR IRENA ERIS	Крем для лица FORTESSIMO MAXIMA 50 мл	
384	DR IRENA ERIS	Крем для лица FORTESSIMO 50 мл	
10	COLLISTAR	Крем для лица ENERGETIC ANTI-AGE CREAM 50МЛ 50 мл	
335	LANCOME	Крем для лица c SPF15 Hydra Zen, 50 мл	
283	BIOTHERM	Крем для лица BLUE THERAPY MULTI-DEFENDER SPF 25, 50 мл	
198	BIOTHERM	Крем для лица Blue Therapy Lift & Blur 50 мл	
274	COLLISTAR	Крем для лица BIOREVITALIZING FACE CREAM 50МЛ 50 мл	
32	MATIS	Крем для лица Avantage jeunesse normal & combination skin 50 мл	
295	COLLISTAR	Крем для лица «черное великолепие» SUBLIME BLACK PRECIOUS CREAM 50 мл	
86	LANCOME	Крем для лица "Genifique", 50мл	
705	EISENBERG	Крем для контура глаз с осветляющим действием creme contour des yeux 30 мл	
680	COLLISTAR	Крем для контура глаз EYE CONTOUR TREATMENTANTI-WRINKLES ANTI-BAGS 15 мл	
59	EVA ESTHETIC	Крем для комплексного восстановления кожи 5 в 1 40 мл	
631	MATIS	Крем для кожи вокруг глаз, разглаживающий морщины Repairing eye cream 20 мл	
690	COLLISTAR	Крем для кожи вокруг глаз и губ EYE CONTOUR AND LIPS LIFTING CREAM 15 мл	
728	COLLISTAR	Крем для кожи вокруг глаз и губ EYE CONTOUR AND LIPS LIFTING CREAM 15 мл	
717	EISENBERG	Крем для кожи вокруг глаз и губ crème contour des yeux et lèvres 30 мл	
349	DR IRENA ERIS	Крем для кожи вокруг глаз и век FORTESSIMO MAXIMA 15 мл	
301	DR IRENA ERIS	Крем для кожи вокруг глаз и век FORTESSIMO 15 мл	
638	MATIS	Крем для кожи вокруг глаз восстанавливающий Reviving cream 15 мл	
674	MATIS	Крем для кожи вокруг глаз витаминный Energ'eyes roll-on 15 мл	
123	DR IRENA ERIS	Крем для кожи вокруг глаз TELOMERIC 15 мл	
704	COLLISTAR	Крем для кожи вокруг глаз REPLUMPING REGENERATING EYE CREAM SPF 15 мл	
650	LANCOME	Крем для кожи вокруг глаз Renergie Yeux, 15 мл	
703	LANCOME	Крем для кожи вокруг глаз Renergie Multi-Lift, 15 мл	
646	LANCOME	Крем для кожи вокруг глаз Hydra Zen Yeux, 15 мл	
711	YVES SAINT LAURENT	Крем для кожи вокруг глаз Forever Youth Liberator Eye Creme, 15 мл	
685	COLLISTAR	Крем для кожи вокруг глаз EYE CONTOUR PERFECTION CREAM 15 мл	
356	COLLISTAR	Крем для кожи вокруг глаз BIOREVITALIZING EYE CONTOUR CREAM 15 мл	
632	BIOTHERM	Крем для кожи вокруг глаз Aquasource Total Eye Revitalizer 15 мл	
669	MATIS	Крем для кожи вокруг REPONSE YEUX /Eye Contour Lift Care, 15 мл	
316	EISENBERG	Крем для интенсивного питания и увлажнения crème ultra-riche nourrissante 50 мл	
188	PAYOT 	Крем для борьбы с несовершенствами кожи CRÈME PURIFIANTE 50 мл	
494	PAYOT 	Крем для борьбы с несовершенствами кожи CRÈME PURIFIANTE 50 мл	
332	LANCOME	Крем двойного действия для кожи лица и шеи Renergie , 50 мл	
654	EVA ESTHETIC	Крем восстанавливающий для области вокруг глаз для зрелой кожи с амарантовым маслом 20 мл	
220	BIOTHERM	Крем восстанавливающий для лица для всех типов кожи Blue Therapy Accelerated 50 мл	
642	BIOTHERM	Крем антивозрастной для кожи вокруг глаз Blue Therapy 15 мл	
261	COLLISTAR	Крем антивозрастной балансирующий ANTI-AGE SEBUM-BALANCING TREATMENT 50 мл	
44	CLARINS	Крем MY CLARINS CLEAR-OUT Targets Imperfections	
173	COLLISTAR	Крем – сорбет для лица матирующий MATTIFYING SORBET CREAM 50 мл	
204	COLLISTAR	Крем – сорбет для лица SOOTHING SORBET CREAM 50 мл	
186	COLLISTAR	Крем – сорбет для лица ENERGY+ BRIGHTNESS SORBET CREAM 50 мл	
363	EISENBERG	Крем - эксфолиант для лица, восстанавливающий сияющий цвет exfoliant crème 75 мл	
256	MATIS	Корректор-бальзам для лица Correcting flash gum 30 мл	
698	EISENBERG	Корректирующая маска для кожи вокруг глаз masque crème magique 30 мл	
625	ESTÉE LAUDER	Концентрированная восстанавливающая маска с технологией PowerFoil Advanced Night Repair	
2	MATIS	Концентрат для лица Reponse Corrective/Express Lift Concentrate	
57	CLARINS	Концентрат для кожи лица BOOSTER REPAIR 15 мл	
18	CLARINS	Концентрат для кожи лица BOOSTER DETOX 15 мл	
115	CLARINS	Концентрат SUPER RESTORATIVE TOTAL EYE CONCENTRATE 15 мл	
124	CLARINS	Концентрат SUPER RESTORATIVE DECOLLETE & NECK CONCENTRATE 75 мл	
732	PAYOT 	Комфортный питательный бальзам для губ NUTRICIA BAUME LÈVRES 15 мл	
106	SKINCODE	Клеточный универсальный крем EXCLUSIVE Cellular Cream 50 мл	
634	SKINCODE	Клеточный подтягивающий гель-карандаш для контура глаз EXCLUSIVE 15 мл	
161	SKINCODE	Клеточный омолаживающий сильнодействующий концентрат EXCLUSIVE 30 мл	
127	SKINCODE	Клеточный омолаживающий дневной крем EXCLUSIVE Cellular Day Cream 50 мл	
663	SKINCODE	Клеточный крем от морщин для ухода за кожей вокруг глаз EXCLUSIVE 15 мл	
103	SKINCODE	Клеточный интенсивный восстанавливающий ночной крем EXCLUSIVE 50 мл	
462	SKINCODE	Клеточный восстанавливающий тоник EXCLUSIVE 200 мл	
144	SKINCODE	Клеточный антивозрастной крем EXCLUSIVE Cellular Anti-Aging Cream 50 мл	
96	SKINCODE	Клеточные омолаживающие капсулы-сыворотка EXCLUSIVE 14.9 мл	
467	SKINCODE	Клеточное очищающее молочко EXCLUSIVE Cellular Cleansing Milk 200 мл	
597	SKINCODE	Клеточная увлажняющая быстро действующая маска EXCLUSIVE 50 мл	
658	SKINCODE	Клеточная сыворотка от морщин для ухода за кожей вокруг глаз EXCLUSIVE 15 мл	
145	SKINCODE	Клеточная сыворотка от морщин EXCLUSIVE 30 мл	
95	SKINCODE	Интенсивный матирующий крем-гель ESSENTIALS Advanced Skin Perfector 30 мл	
707	EISENBERG	Интенсивный крем для кожи вокруг глаз crème somptueuse 30 мл	
135	EISENBERG	Интенсивный крем - антистресс для чувствительной кожи лица и шеи soin anti 50 мл	
126	SKINCODE	Интенсивный бальзам-уход антистресс ESSENTIALS 24h De-Stress Comfort Balm 50 мл	
34	CLARINS	Интенсивно увлажняющий флюид HYDRA - ESSENTIEL 50 мл	
6	CLARINS	Интенсивно увлажняющий крем HYDRA - ESSENTIEL 50 мл	
50	CLARINS	Интенсивно увлажняющий крем HYDRA - ESSENTIEL 50 мл	
51	CLARINS	Интенсивно увлажняющий крем HYDRA - ESSENTIEL 50 мл	
68	CLARINS	Интенсивно увлажняющий гель HYDRA - ESSENTIEL 50 мл	
183	CLARINS	Интенсивно увлажняющая сыворотка HYDRA - ESSENTIEL 30 мл	
599	SKINCODE	Интенсивная восстанавливающая маска EXCLUSIVE 50 мл	
469	CLINIQUE	Жидкое мыло для лица Clinique For Men	
281	LANCOME	Жидкий уход "Активатор Энергии. Energie de Vie", 50мл	
249	L'OCCITANE	Дымка-спрей для лица освежающая увлажняющая AQUA RÉOTIER Fresh Moisturizing Mist	
341	EISENBERG	Дневной/ночной крем для лица и области вокруг глаз crème apaisante réparat 50 мл	
289	DR IRENA ERIS	Дневной/ночной крем TOKYO LIFT 15 мл	
229	CAUDALIE	Дневной флюид с эффектом лифтинга SPF20 RESVAREATROL FLUIDE LIFTANT REDENSIFIANT FPS20	
438	CLARINS	Дневной лосьон MULTI-ACTIVE JOUR 50 мл	
180	EISENBERG	Дневной крем увлажнение и интенсивная защита creme de jour spf 50 50 мл	
163	EVA ESTHETIC	Дневной крем увлажнение и защита	
284	PAYOT 	Дневной крем с комплексом Acti-Lift PERFORM LIFT JOUR 50 мл	
317	EISENBERG	Дневной крем дневной для лица creme de jour spf 30 50 мл	
331	SKINCODE	Дневной крем для устранения несовершенств кожи ESSENTIALS ALPINE WHITE 50 мл	
73	CLARINS	Дневной крем для любого типа кожи SUPER RESTORATIVE DAY 50 мл	
343	EISENBERG	Дневной крем для лица шеи с микрочастицами золота energie or soin jour 50 мл	
33	DR IRENA ERIS	Дневной крем для лица VITACERIC 50 мл	
178	DR IRENA ERIS	Дневной крем для лица TOKYO LIFT 50 мл	
366	DR IRENA ERIS	Дневной крем для лица FORTESSIMO 50 мл	
13	CLARINS	Дневной крем для всех типов кожи MULTI-ACTIVE JOUR 50 мл	
36	PAYOT 	Дневной крем глобального антивозрастного действия SUPRÊME JEUNESSE JOUR 50 мл	
122	DR IRENA ERIS	Дневной крем TELOMERIC 50 мл	
323	DR IRENA ERIS	Дневной крем NeoMETRIC 50 мл	
102	SKINCODE	Дневной крем «Защита и восстановление» ESSENTIALS 50 мл	
211	DR IRENA ERIS	Дневная сыворотка для лица VITACERIC 30 мл	
431	CAUDALIE	Детокс-маска MASQUE NSTANT DETOX	
564	EISENBERG	Деликатное двухфазное средство для снятия макияжа demaqullant yeux doux 200 мл	
667	MATIS	Двухфазный лосьон для снятия макияжа Biphase eyes & lips make-up remover 150 мл	
24	MELVITA	Двухфазное средство против первых признаков старения PULPE DE ROSE 50 мл	
563	EISENBERG	Двухфазное средство для снятия стойкого макияжа с лица и глаз démaquillant 50 мл	
465	PAYOT 	Двухфазное совершенствующее средство EAU PURIFIANTE 200 мл	
573	COLLISTAR	Двухфазная жидкость д/снятия макияжа с глаз и губ Gentle TwoPhase Makeup Remover	
131	LA COLLINE	Глобальный крем-лифтинг Lift & Light Global Illuminating Cream 50 мл	
108	ESTÉE LAUDER	Глобальный крем для сохранения молодости кожи ультра легкой текстуры, обогащенный фитоклетками Revitalizing Supreme Light +	
659	ESTÉE LAUDER	Глобальный бальзам для сохранения молодости кожи вокруг глаз, обогащенный фитоклетками Revitalizing Supreme +	
303	LA COLLINE	Глобальная эмульсия Детокс Swiss Riviera Global Anti-Pollution Emulsion 50 мл	
414	CAUDALIE	Гликолевая маска-пилинг MASQUE PEELING GLYCOLIQUE	
628	COLLISTAR	Гидромаска для лица IDRO-ATTIVA/ S.O.S. Moisturizing Hydro-Mask	
196	COLLISTAR	Гидрозащитный крем для защиты от загрязнений HYDRO-PROTECTIVE CREAM SPF 20 50 мл	
89	COLLISTAR	Гидрогель для увлажняющий IDRO-ATTIVA/ Eye Hydro-Gel	
724	CAUDALIE	Гигиеническая помада SOIN DES LEVRES	
555	LANCOME	Гель-пенка для снятия макияжа и очищения кожи лица MIEL-EN-MOUSSE, 200мл	
308	LANCOME	Гель-масло ночной Visionnaire Nuit Beauty Sleep Perfector. 50мл	
167	MATIS	Гель-маска для лица и шеи REPONSE DELICATE/SensiMelting Mask, 50 мл	
100	BIOTHERM	Гель-бальзам для нормальной и склонной к сухости кожи Aquasource Cocoon 50 мл	
693	LANCOME	Гель увлажняющий для ухода за кожей вокруг глаз "Energie de vie", 15мл	
212	BIOTHERM	Гель увлажняющий для нормальной и жирной кожи серии Purefect Skin 50 мл	
215	BIOTHERM	Гель увлажняющий для лица для нормальной и жирной кожи SKIN OXYGEN 50 мл	
394	BIOTHERM	Гель увлажняющий для лица AQUASOURCE	
524	BIOTHERM	Гель пенящийся для умывания для всех типов кожи SKIN OXYGEN 150 мл	
504	BIOTHERM	Гель очищающий с матирующим эффектом серии Purefect Skin 125 мл	
521	COLLISTAR	Гель очищающий отшелушивающий для лица PURIFYING EXFOLIATING GEL 100 мл	
499	BIOTHERM	Гель очищающий отшелушивающий Biosource 150 мл	
530	LANCOME	Гель очищающий Gel Pure Focus, 125мл	
677	PAYOT 	Гель от припухлостей и темных кругов под глазами DÉFATIGANT REGARD 15 мл	
640	CLARINS	Гель для ухода за кожей вокруг глаз EYE CONTOUR GEL 20 мл	
416	EVA ESTHETIC	Гель для умывания для комбинированной и жирной кожи 150 мл	
485	CLARINS	Гель для умывания PURE MELT CLEANSING GEL 125 мл	
425	LANCOME	Гель для умывания Gel Eclat, 125 мл	
484	EVA ESTHETIC	Гель для снятия макияжа с глаз и губ	
52	L'OCCITANE	Гель для лица ультраувлажняющий AQUA RÉOTIER Ultra Thirst-Quenching Gel	
434	L'OCCITANE	Гель для лица очищающий AQUA RÉOTIER Water Gel Cleanser	
245	BIOTHERM	Гель для лица для нормальной и комбинированной кожиAquasource 50 мл	
267	BIOTHERM	Гель для лица "Aquasource Everplump", 50 мл	
660	LA COLLINE	Гель для кожи вокруг глаз, против отёков и припухлостей Cellular Vital Eye Gel 15 мл	
664	MATIS	Гель для кожи вокруг глаз увлажняющий 20 мл	
687	MATIS	Гель для кожи вокруг глаз с эффектом лифтинга Lift effect gel 15 мл	
231	PAYOT 	Гель для возвращения объема коже с гиалуроновой кислотой TECHNI LISS BOOSTER 50 мл	
500	COLLISTAR	Гель балансирующий очищающий для лица BALANCING CLEANSING GEL 150 мл	
171	PAYOT 	Выравнивающий совершенствующий крем UNI SKIN JOUR 50 мл	
694	PAYOT 	Выравнивающий совершенствующий бальзам UNI SKIN YEUX ET LÈVRES 15 мл	
730	PAYOT 	Выравнивающий совершенствующий бальзам UNI SKIN YEUX ET LÈVRES 15 мл	
362	EISENBERG	Выравнивающий гель - эксфолиант exfoliant lissant express 75 мл	
179	PAYOT 	Выравнивающее совершенствующее тонирующее средство SPF 30 UNI SKIN CC CREAM 40 мл	
194	PAYOT 	Выравнивающая совершенствующая сыворотка UNI SKIN CONCENTRÉ PERLES 30 мл	
714	LA COLLINE	Восстанавливающий крем для кожи вокруг глаз Cellular Vital Eye Cream 15 мл	
656	ESTÉE LAUDER	Восстанавливающий концентрат для кожи области вокруг глаз Matrix Advanced Night Repair	
242	EISENBERG	Восстанавливающая, подтягивающая сыворотка sérum régénérant liftant 30 мл	
615	EISENBERG	Восстанавливающая тающая маска для лица и области вокруг глаз masque fonda 75 мл	
209	PAYOT 	Восстанавливающая и подтягивающая сыворотка ÉLIXIR LIFT 30 мл	
556	CLARINS	Вода очищающая с экстрактом персика WATER COMFORT ONE STEP FACIAL CLEANSER	
451	CLARINS	Вода очищающая с экстрактом мяты WATER PURIFY ONE STEP CLEANSER	
560	YVES SAINT LAURENT	Вода мицеллярная для лица и глаз "Demaquillant Express" 200мл	
519	MATIS	Вода для лица очищающая Radiant cleansing water 200 мл	
35	CAUDALIE	Вода для красоты лица/ Гладкая кожа, сияние EAU DE BEAUTE, 100 мл	
8	CAUDALIE	Виноградная вода для чувствительной кожи EAU DE RAISIN, 200 мл	
54	MELVITA	ВВ-крем для лица NEKTAR DE ROSES 40 мл	
233	L'OCCITANE	Божественный крем для лица IMMORTELLE DIVINE 50 мл	
692	L'OCCITANE	Божественный бальзам для кожи вокруг глаз IMMORTELLE DIVINE 15 мл	
223	L'OCCITANE	Божественнное масло для лица IMMORTELLE DIVINE 30 мл	
313	L'OCCITANE	Божественная сыворотка IMMORTELLE DIVINE 30 мл	
107	ESTÉE LAUDER	Бодрящий бальзам для кожи Revitalizing Supreme Plus	
327	LA COLLINE	Био-гель для лица активатор Cellular Bio-Activating Gel 150 мл	
726	L'OCCITANE	Бальзам-стик для губ SHEA 4,5 мл	
639	COLLISTAR	Бальзам-гель для кожи вокруг глаз Collistar Natura/Eye Contour Balm-Gel	
391	BIOTHERM	Бальзам ночной для всех типов кожи Skin Best Night 50 мл	
91	MATIS	Бальзам защитный от воздействия холода на кожу лица Climatic protective balm 50 мл	
731	MATIS	Бальзам для ухода за губами Lip control 10 мл	
193	BIOTHERM	Бальзам для лица ночной Aquasource Night Spa 50 мл	
279	BIOTHERM	Бальзам для лица для очень сухой кожи Aquasource Nutrition 50 мл	
292	BIOTHERM	Бальзам для лица BLUE THERAPY MULTI-DEFENDER, 50 мл	
53	COLLISTAR	Бальзам для кожи лица, IDRO-ATTIVA, 50 мл	
691	LANCOME	Бальзам для кожи вокруг глаз Visionnaire Yeux Eye On Correction,15 мл	
641	L'OCCITANE	Бальзам для кожи вокруг глаз IMMORTELLE PRECIOUS 15 мл	
683	MATIS	Бальзам для кожи вокруг глаз Eye contour balm a shield against time 15 мл	
729	MELVITA	Бальзам для губ L’ARGAN BIO мл	
160	SKINCODE	Балансирующая сыворотка ESSENTIALS S.O.S Oil Control Balancing Serum 30 мл	
682	PAYOT 	Антивозрастной крем для области вокруг глаз TECHNI REGARD 15 мл	
710	LA COLLINE	Антивозрастной крем для лица и шеи NativAge La Crème 50 мл	
702	LA COLLINE	Антивозрастной крем для кожи вокруг глаз NativAge La Crème Contour des Yeux 15 мл	
380	EISENBERG	Антивозрастное средство-корректор soin sublimateur 30 мл	
382	EISENBERG	Антивозрастное питательное масло для лица, тела и волос soin pur éclat 100 мл	
326	LA COLLINE	Антивозрастная сыворотка для лица и шеи NativAge Le Sérum 50 мл	
373	LA COLLINE	Антивозрастная программа Skin Ology / Cellular Facial Anti-aging Programme 30 мл	
9	LANCOME	Активатор молодости для кожи лица Advanced Genifique" 50 мл	
62	EVA ESTHETIC	Аквагель 24 часа увлажнения для любого типа кожи 40 мл	
205	COLLISTAR	Аква-гель с гиалуроновой кислотой HYALURONIC ACID AQUAGEL 50 мл	
257	EVA ESTHETIC	SPA-крем ночной увлажняющий для нормальной и комбинированной кожи 40 мл	
151	EVA ESTHETIC	SOS-крем увлажнение и защита для сухой и обезвоженной кожи 40 мл	
133	LOREAL	L'Oreal Уход-скульптор ВОЗРАСТ ЭКСПЕРТ 55+ для лица, шеи и зоны декольте, 50 мл	
140	LOREAL	L'Oreal Уход-скульптор ВОЗРАСТ ЭКСПЕРТ 45+ для лица, шеи и зоны декольте, 50 мл	
470	LOREAL	L'Oreal Тоник очищающий БЕСКОНЕЧНАЯ СВЕЖЕСТЬ для нормальной и смешанной кожи, 200 мл	
480	LOREAL	L'Oreal Тоник мягкий АБСОЛЮТНАЯ НЕЖНОСТЬ для сухой и чувствительной кожи, 200 мл	
662	LOREAL	L'Oreal Средство для снятия стойкого макияжа с глаз и губ, 125 мл	
649	LOREAL	L'Oreal Средство для снятия макияжа с глаз, 125 мл	
479	LOREAL	L'Oreal Молочко очищающее БЕСКОНЕЧНАЯ СВЕЖЕСТЬ, 200 мл	
155	LOREAL	L'Oreal Молочко мягкое очищающее АБСОЛЮТНАЯ НЕЖНОСТЬ, 200 мл	
473	LOREAL	L'Oreal Мицеллярный лосьон для снятия макияжа для сухой и чувтсвительной кожи, 200 мл	
477	LOREAL	L'Oreal Мицеллярный лосьон для снятия макияжа для нормальной и смешанной кожи, 200 мл	
592	LOREAL	L'Oreal Маска МАГИЯ ГЛИНЫ Очищение и матирование, 50 мл	
591	LOREAL	L'Oreal Маска МАГИЯ ГЛИНЫ Детокс и сияние, 50 ил	
165	LOREAL	L'Oreal Лифтинг-уход ВОЗРАСТ ЭКСПЕРТ 45+ ночной, 50 мл	
164	LOREAL	L'Oreal Лифтинг-уход ВОЗРАСТ ЭКСПЕРТ 45+ дневной, 50 мл	
673	LOREAL	L'Oreal Лифтинг-уход ВОЗРАСТ ЭКСПЕРТ 45+ вокруг глаз, 15 мл	
138	LOREAL	L'Oreal Крем-уход УВЛАЖНЕНИЕ ЭКСПЕРТ для чувствительной кожи, 50 мл	
142	LOREAL	L'Oreal Крем-уход УВЛАЖНЕНИЕ ЭКСПЕРТ для сухой и чувствительной кожи, 50 мл	
655	LOREAL	L'Oreal Крем-уход УВЛАЖНЕНИЕ ЭКСПЕРТ вокруг глаз, 15 мл	
93	LOREAL	L'Oreal Крем-уход ночной для лица РОСКОШЬ ПИТАНИЯ, 50мл	
305	LOREAL	L'Oreal Крем-уход дневной для лица РОСКОШЬ ПИТАНИЯ Легкая текстура, 50 мл	
166	LOREAL	L'Oreal Крем-уход для лица УВЛАЖНЕНИЕ ЭКСПЕРТ для нормальной и смешанной кожи, 50 мл	
158	LOREAL	L'Oreal Крем-уход для лица УВЛАЖНЕНИЕ ЭКСПЕРТ для всех типов кожи ночной, 50 мл	
665	LOREAL	L'Oreal Крем-уход вокруг глаз РОСКОШЬ ПИТАНИЯ, 15 мл	
670	LOREAL	L'Oreal Крем-уход ВОЗРАСТ ЭКСПЕРТ 55+ вокруг глаз, 15 мл	
141	LOREAL	L'Oreal Крем-уход ВОЗРАСТ ЭКСПЕРТ 35+ дневной, 50 мл	
94	LOREAL	L'Oreal Крем-гель для лица УВЛАЖНЕНИЕ ЭКСПЕРТ для нормальной и смешанной кожи, 50 мл	
157	LOREAL	L'Oreal REVITALIFT Филлер Антивозрастной крем-уход для лица и шеи ночной, 50 мл	
139	LOREAL	L'Oreal REVITALIFT Филлер Антивозрастной крем-уход для лица и шеи дневной, 50 мл	
661	LOREAL	L'Oreal REVITALIFT Филлер Антивозрастной крем-уход вокруг глаз, 15 мл	
125	LOREAL	L'Oreal REVITALIFT Лазер x3 Регенерирующий крем-маска ночной, 50 мл	
156	LOREAL	L'Oreal REVITALIFT Лазер x3 Регенерирующий глубокий крем-уход дневной, 50 мл	
137	LOREAL	L'Oreal REVITALIFT Интенсивный крем-уход для лица дневной, 50 мл	
648	LOREAL	L'Oreal REVITALIFT Интенсивный крем-уход вокруг глаз, 15 мл	
715	LANCOME	Cредство для снятия макияжа с глаз EFFACIL, 125 мл	
439	MATIS	Cкраб для лица стимулирующий обновления клеток Energising scrub 50 мл	
594	EVA ESTHETIC	Beauty Десерт набор масок для лица(маска мусс "антистресс",маска-пудинг)	
600	EVA ESTHETIC	Beauty SPA набор масок для лица(маска-мусс+маска-пудинг)	
121	EVA ESTHETIC	3D лифтинг-крем дневной с амарантовым маслом для зрелой кожи 40 мл	
637	EVA ESTHETIC	3D лифтинг-гель для области вокруг глаз 20 мл	
581	ESTÉE LAUDER	3-минутная детокс-маска NightWear Plus	
515	ESTÉE LAUDER	2 в 1: пенка для умывания/маска очищающая Perfectly Clean	
468	ESTÉE LAUDER	2 в 1: крем для умывания/маска увлажняющая Perfectly Clean	
435	ESTÉE LAUDER	2 в 1: желе для умывания/скраб Perfectly Clean	
601	EVA ESTHETIC	2 в 1 маска альгинатная Экспрес-лифтинг + сыворотка Экспресс-лифтинг	
266	CAUDALIE	«Драгоценное» омолаживающее масло PREMIER CRU L’HUILE PRECIEUSE 29 мл	
679	LANCOME	«Активатор молодости» для кожи вокруг глаз Advanced Genifique Yeux Light-Pearl, 20мл	
